[{"pos_x": 140.5, "pos_y": -107.0, "rotation": 0.0, "side": "top", "designator": "C3", "mpn": null, "pack": "C_0603_1608Metric_Pad1.08x0.95mm_HandSolder", "value": "10u", "mount_type": "smt", "place": true}, {"pos_x": 100.965, "pos_y": -95.885, "rotation": 0.0, "side": "top", "designator": "J2", "mpn": null, "pack": "TestPoint_Pad_2.0x2.0mm", "value": "3.3V_TP", "mount_type": "tht", "place": true}, {"pos_x": 133.985, "pos_y": -106.045, "rotation": 90.0, "side": "top", "designator": "R4", "mpn": null, "pack": "R_0603_1608Metric_Pad0.98x0.95mm_HandSolder", "value": "10K", "mount_type": "smt", "place": true}, {"pos_x": 173.355, "pos_y": -73.66, "rotation": 0.0, "side": "top", "designator": "J17", "mpn": null, "pack": "TestPoint_Pad_2.0x2.0mm", "value": "RX_GPS_TP", "mount_type": "tht", "place": true}, {"pos_x": 120.65, "pos_y": -100.33, "rotation": -90.0, "side": "top", "designator": "C4", "mpn": null, "pack": "C_0603_1608Metric_Pad1.08x0.95mm_HandSolder", "value": "1u", "mount_type": "smt", "place": true}, {"pos_x": 127.635, "pos_y": -108.585, "rotation": 0.0, "side": "top", "designator": "J21", "mpn": null, "pack": "TestPoint_Pad_2.0x2.0mm", "value": "B_BAT_TP", "mount_type": "tht", "place": true}, {"pos_x": 119.38, "pos_y": -108.585, "rotation": 0.0, "side": "top", "designator": "J25", "mpn": null, "pack": "TestPoint_Pad_2.0x2.0mm", "value": "TX_BAT_TP", "mount_type": "tht", "place": true}, {"pos_x": 93.825, "pos_y": -103.35, "rotation": 0.0, "side": "top", "designator": "J10", "mpn": null, "pack": "TestPoint_Pad_2.0x2.0mm", "value": "IO34_TP", "mount_type": "tht", "place": true}, {"pos_x": 150.3904, "pos_y": -64.065, "rotation": 90.0, "side": "top", "designator": "SW2", "mpn": null, "pack": "PinHeader_1x03_P2.54mm_Horizontal", "value": "SW_Reserve", "mount_type": "tht", "place": true}, {"pos_x": 93.98, "pos_y": -92.075, "rotation": 0.0, "side": "top", "designator": "J8", "mpn": null, "pack": "TestPoint_Pad_2.0x2.0mm", "value": "IO32_TP", "mount_type": "tht", "place": true}, {"pos_x": 93.825, "pos_y": -109.065, "rotation": 0.0, "side": "top", "designator": "J11", "mpn": null, "pack": "TestPoint_Pad_2.0x2.0mm", "value": "IO35_TP", "mount_type": "tht", "place": true}, {"pos_x": 127.635, "pos_y": -114.3, "rotation": 0.0, "side": "top", "designator": "J22", "mpn": null, "pack": "TestPoint_Pad_2.0x2.0mm", "value": "A_BAT_TP", "mount_type": "tht", "place": true}, {"pos_x": 165.22, "pos_y": -81.28, "rotation": 0.0, "side": "top", "designator": "J3", "mpn": null, "pack": "JST_XH_B4B-XH-A_1x04_P2.50mm_Vertical", "value": "GPS", "mount_type": "tht", "place": true}, {"pos_x": 143.0, "pos_y": -99.25, "rotation": 90.0, "side": "top", "designator": "U2", "mpn": null, "pack": "SOT-223-3_TabPin2", "value": "AMS1117-3.3", "mount_type": "smt", "place": true}, {"pos_x": 111.125, "pos_y": -108.585, "rotation": 0.0, "side": "top", "designator": "J23", "mpn": null, "pack": "TestPoint_Pad_2.0x2.0mm", "value": "RX_BAT_TP", "mount_type": "tht", "place": true}, {"pos_x": 175.7754, "pos_y": -68.58, "rotation": -90.0, "side": "top", "designator": "J1", "mpn": null, "pack": "PinHeader_1x06_P2.54mm_Vertical", "value": "MicroSD", "mount_type": "tht", "place": true}, {"pos_x": 181.61, "pos_y": -98.425, "rotation": 0.0, "side": "top", "designator": "J19", "mpn": null, "pack": "TestPoint_Pad_2.0x2.0mm", "value": "TX_GUI_TP", "mount_type": "tht", "place": true}, {"pos_x": 138.3104, "pos_y": -64.135, "rotation": 90.0, "side": "top", "designator": "SW1", "mpn": null, "pack": "PinHeader_1x03_P2.54mm_Horizontal", "value": "SW_COUNTCTRL", "mount_type": "tht", "place": true}, {"pos_x": 165.1, "pos_y": -92.71, "rotation": 0.0, "side": "top", "designator": "J4", "mpn": null, "pack": "JST_XH_B4B-XH-A_1x04_P2.50mm_Vertical", "value": "NextionDisplay", "mount_type": "tht", "place": true}, {"pos_x": 93.825, "pos_y": -97.635, "rotation": 0.0, "side": "top", "designator": "J9", "mpn": null, "pack": "TestPoint_Pad_2.0x2.0mm", "value": "IO33_TP", "mount_type": "tht", "place": true}, {"pos_x": 133.985, "pos_y": -100.33, "rotation": 90.0, "side": "top", "designator": "R5", "mpn": null, "pack": "R_0603_1608Metric_Pad0.98x0.95mm_HandSolder", "value": "100", "mount_type": "smt", "place": true}, {"pos_x": 113.665, "pos_y": -71.12, "rotation": 180.0, "side": "top", "designator": "U4", "mpn": null, "pack": "ESP32_mini", "value": "mini_esp32", "mount_type": "tht", "place": true}, {"pos_x": 134.62, "pos_y": -89.535, "rotation": 0.0, "side": "top", "designator": "J5", "mpn": null, "pack": "1-1705949-1", "value": "4P4C", "mount_type": "tht", "place": true}, {"pos_x": 181.61, "pos_y": -92.71, "rotation": 0.0, "side": "top", "designator": "J20", "mpn": null, "pack": "TestPoint_Pad_2.0x2.0mm", "value": "RX_GUI_TP", "mount_type": "tht", "place": true}, {"pos_x": 133.985, "pos_y": -95.25, "rotation": 90.0, "side": "top", "designator": "R12", "mpn": null, "pack": "R_0603_1608Metric_Pad0.98x0.95mm_HandSolder", "value": "10K", "mount_type": "smt", "place": true}, {"pos_x": 119.38, "pos_y": -114.3, "rotation": 0.0, "side": "top", "designator": "J24", "mpn": null, "pack": "TestPoint_Pad_2.0x2.0mm", "value": "TX_BAT_EN_TP", "mount_type": "tht", "place": true}, {"pos_x": 145.0, "pos_y": -107.0, "rotation": 0.0, "side": "top", "designator": "C2", "mpn": null, "pack": "C_0603_1608Metric_Pad1.08x0.95mm_HandSolder", "value": "10u", "mount_type": "smt", "place": true}, {"pos_x": 153.345, "pos_y": -83.015, "rotation": 0.0, "side": "top", "designator": "J16", "mpn": null, "pack": "USB_B_TE_5787834_Vertical", "value": "USB_B", "mount_type": "tht", "place": true}, {"pos_x": 127.085, "pos_y": -100.33, "rotation": 0.0, "side": "top", "designator": "U3", "mpn": null, "pack": "SOP-8_3.9x4.9mm_P1.27mm", "value": "MAX3485", "mount_type": "smt", "place": true}, {"pos_x": 107.075, "pos_y": -97.705, "rotation": 0.0, "side": "top", "designator": "J12", "mpn": null, "pack": "TestPoint_Pad_2.0x2.0mm", "value": "0V_TP", "mount_type": "tht", "place": true}]